,Number,DRIVER_NUMBER,LAP_NUMBER,LAP_TIME,LAP_IMPROVEMENT,S1,S1_IMPROVEMENT,S2,S2_IMPROVEMENT,S3,S3_IMPROVEMENT,KPH,ELAPSED,HOUR,S1_LARGE,S2_LARGE,S3_LARGE,PIT_TIME,place,time,keys,max_lap,target,match_key,mean_air_temp,std_air_temp,max_air_temp,min_air_temp,med_air_temp,mean_track_temp,std_track_temp,max_track_temp,min_track_temp,med_track_temp,mean_humidity,std_humidity,max_humidity,min_humidity,med_humidity,mean_pressure,std_pressure,max_pressure,min_pressure,med_pressure,mean_wind_speed,std_wind_speed,max_wind_speed,min_wind_speed,med_wind_speed,style_FP2,style_Q,style_Race,DRIVER_NAME_ADAM CARROLL,DRIVER_NAME_ALEX LYNN,DRIVER_NAME_ANDRÃ© LOTTERER,DRIVER_NAME_ANTONIO FELIX DA COSTA,DRIVER_NAME_DANIEL ABT,DRIVER_NAME_EDOARDO MORTARA,DRIVER_NAME_ESTEBAN GUTIERREZ,DRIVER_NAME_FELIX ROSENQVIST,DRIVER_NAME_JEAN-ERIC VERGNE,DRIVER_NAME_JOSÃ© MARIA LOPEZ,DRIVER_NAME_JÃ©RÃ´ME D'AMBROSIO,DRIVER_NAME_KAMUI KOBAYASHI,DRIVER_NAME_LOÃ¯C DUVAL,DRIVER_NAME_LUCA FILIPPI,DRIVER_NAME_LUCAS DI GRASSI,DRIVER_NAME_MARO ENGEL,DRIVER_NAME_MIKE CONWAY,DRIVER_NAME_MITCH EVANS,DRIVER_NAME_NEEL JANI,DRIVER_NAME_NELSON PIQUET,DRIVER_NAME_NELSON PIQUET JR,DRIVER_NAME_NICK HEIDFELD,DRIVER_NAME_NICOLAS PROST,DRIVER_NAME_OLIVER TURVEY,DRIVER_NAME_PIERRE GASLY,DRIVER_NAME_ROBIN FRIJNS,DRIVER_NAME_SAM BIRD,DRIVER_NAME_STÃ©PHANE SARRAZIN,DRIVER_NAME_SÃ©BASTIEN BUEMI,DRIVER_NAME_TOM BLOMQVIST,DRIVER_NAME_TOM DILLMANN,TEAM_Andretti Formula E,TEAM_Audi Sport ABT Schaeffler,TEAM_DRAGON,TEAM_DS Virgin Racing,TEAM_Faraday Future Dragon Racing,TEAM_Mahindra Racing,TEAM_NEXTEV NIO,TEAM_NIO Formula E Team,TEAM_Panasonic Jaguar Racing,TEAM_Renault e.dams,TEAM_TECHEETAH,TEAM_Venturi Formula E Team
21136,25,0,1,316.143,0,137.201,0,73.945,0,104.997,0,28.1,316.14300000000003,58276.0,137.201,73.945,104.997,44.294,Santiago,2017-2018,25JEAN-ERIC VERGNERaceSantiago2017-2018,37,36,RaceSantiago2017-2018,29.562140677966088,0.2587486952281905,29.8889,29.0556,29.6111,36.290022033898346,0.2618358027649849,36.6667,36.1111,36.1111,55.76271186440679,0.7031697458000706,57.0,55.0,56.0,944.3232203389827,0.06577864337327796,944.4639999999999,944.193,944.328,2.1758135593220342,1.1043799639909713,4.24374,0.0,2.12187,0,0,1,0,0,0,0,0,0,0,0,1,0,0,0,0,0,0,0,0,0,0,0,0,0,0,0,0,0,0,0,0,0,0,0,0,0,0,0,0,0,0,0,0,1,0
21137,25,0,2,233.457,0,71.619,0,75.17,0,86.668,0,38.1,549.6,58516.0,71.619,75.17,86.668,50.602,Santiago,2017-2018,25JEAN-ERIC VERGNERaceSantiago2017-2018,37,35,RaceSantiago2017-2018,29.562140677966088,0.2587486952281905,29.8889,29.0556,29.6111,36.290022033898346,0.2618358027649849,36.6667,36.1111,36.1111,55.76271186440679,0.7031697458000706,57.0,55.0,56.0,944.3232203389827,0.06577864337327796,944.4639999999999,944.193,944.328,2.1758135593220342,1.1043799639909713,4.24374,0.0,2.12187,0,0,1,0,0,0,0,0,0,0,0,1,0,0,0,0,0,0,0,0,0,0,0,0,0,0,0,0,0,0,0,0,0,0,0,0,0,0,0,0,0,0,0,0,1,0
21138,25,0,3,252.315,0,87.682,0,77.493,0,87.14,0,35.2,801.915,58756.0,87.682,77.493,87.14,48.48,Santiago,2017-2018,25JEAN-ERIC VERGNERaceSantiago2017-2018,37,34,RaceSantiago2017-2018,29.562140677966088,0.2587486952281905,29.8889,29.0556,29.6111,36.290022033898346,0.2618358027649849,36.6667,36.1111,36.1111,55.76271186440679,0.7031697458000706,57.0,55.0,56.0,944.3232203389827,0.06577864337327796,944.4639999999999,944.193,944.328,2.1758135593220342,1.1043799639909713,4.24374,0.0,2.12187,0,0,1,0,0,0,0,0,0,0,0,1,0,0,0,0,0,0,0,0,0,0,0,0,0,0,0,0,0,0,0,0,0,0,0,0,0,0,0,0,0,0,0,0,1,0
21139,25,0,4,137.911,0,57.273,0,44.022,0,36.616,0,64.5,939.826,58876.0,57.273,44.022,36.616,0,Santiago,2017-2018,25JEAN-ERIC VERGNERaceSantiago2017-2018,37,33,RaceSantiago2017-2018,29.562140677966088,0.2587486952281905,29.8889,29.0556,29.6111,36.290022033898346,0.2618358027649849,36.6667,36.1111,36.1111,55.76271186440679,0.7031697458000706,57.0,55.0,56.0,944.3232203389827,0.06577864337327796,944.4639999999999,944.193,944.328,2.1758135593220342,1.1043799639909713,4.24374,0.0,2.12187,0,0,1,0,0,0,0,0,0,0,0,1,0,0,0,0,0,0,0,0,0,0,0,0,0,0,0,0,0,0,0,0,0,0,0,0,0,0,0,0,0,0,0,0,1,0
21140,25,0,5,85.259,0,23.939,0,28.327,0,32.993,0,104.3,1025.085,58996.0,23.939,28.327,32.993,0,Santiago,2017-2018,25JEAN-ERIC VERGNERaceSantiago2017-2018,37,32,RaceSantiago2017-2018,29.562140677966088,0.2587486952281905,29.8889,29.0556,29.6111,36.290022033898346,0.2618358027649849,36.6667,36.1111,36.1111,55.76271186440679,0.7031697458000706,57.0,55.0,56.0,944.3232203389827,0.06577864337327796,944.4639999999999,944.193,944.328,2.1758135593220342,1.1043799639909713,4.24374,0.0,2.12187,0,0,1,0,0,0,0,0,0,0,0,1,0,0,0,0,0,0,0,0,0,0,0,0,0,0,0,0,0,0,0,0,0,0,0,0,0,0,0,0,0,0,0,0,1,0
21141,25,0,6,83.425,0,23.187,0,27.576,0,32.662,0,106.6,1108.51,59056.0,23.187,27.576,32.662,0,Santiago,2017-2018,25JEAN-ERIC VERGNERaceSantiago2017-2018,37,31,RaceSantiago2017-2018,29.562140677966088,0.2587486952281905,29.8889,29.0556,29.6111,36.290022033898346,0.2618358027649849,36.6667,36.1111,36.1111,55.76271186440679,0.7031697458000706,57.0,55.0,56.0,944.3232203389827,0.06577864337327796,944.4639999999999,944.193,944.328,2.1758135593220342,1.1043799639909713,4.24374,0.0,2.12187,0,0,1,0,0,0,0,0,0,0,0,1,0,0,0,0,0,0,0,0,0,0,0,0,0,0,0,0,0,0,0,0,0,0,0,0,0,0,0,0,0,0,0,0,1,0
21142,25,0,7,82.898,0,23.066,0,27.226,0,32.606,0,107.3,1191.408,59176.0,23.066,27.226,32.606,0,Santiago,2017-2018,25JEAN-ERIC VERGNERaceSantiago2017-2018,37,30,RaceSantiago2017-2018,29.562140677966088,0.2587486952281905,29.8889,29.0556,29.6111,36.290022033898346,0.2618358027649849,36.6667,36.1111,36.1111,55.76271186440679,0.7031697458000706,57.0,55.0,56.0,944.3232203389827,0.06577864337327796,944.4639999999999,944.193,944.328,2.1758135593220342,1.1043799639909713,4.24374,0.0,2.12187,0,0,1,0,0,0,0,0,0,0,0,1,0,0,0,0,0,0,0,0,0,0,0,0,0,0,0,0,0,0,0,0,0,0,0,0,0,0,0,0,0,0,0,0,1,0
21143,25,0,8,82.169,0,23.016,0,26.859,0,32.294,0,108.2,1273.577,59236.0,23.016,26.859,32.294,0,Santiago,2017-2018,25JEAN-ERIC VERGNERaceSantiago2017-2018,37,29,RaceSantiago2017-2018,29.562140677966088,0.2587486952281905,29.8889,29.0556,29.6111,36.290022033898346,0.2618358027649849,36.6667,36.1111,36.1111,55.76271186440679,0.7031697458000706,57.0,55.0,56.0,944.3232203389827,0.06577864337327796,944.4639999999999,944.193,944.328,2.1758135593220342,1.1043799639909713,4.24374,0.0,2.12187,0,0,1,0,0,0,0,0,0,0,0,1,0,0,0,0,0,0,0,0,0,0,0,0,0,0,0,0,0,0,0,0,0,0,0,0,0,0,0,0,0,0,0,0,1,0
21144,25,0,9,81.94,0,22.903,0,26.594,0,32.443,0,108.5,1355.517,59296.0,22.903,26.594,32.443,0,Santiago,2017-2018,25JEAN-ERIC VERGNERaceSantiago2017-2018,37,28,RaceSantiago2017-2018,29.562140677966088,0.2587486952281905,29.8889,29.0556,29.6111,36.290022033898346,0.2618358027649849,36.6667,36.1111,36.1111,55.76271186440679,0.7031697458000706,57.0,55.0,56.0,944.3232203389827,0.06577864337327796,944.4639999999999,944.193,944.328,2.1758135593220342,1.1043799639909713,4.24374,0.0,2.12187,0,0,1,0,0,0,0,0,0,0,0,1,0,0,0,0,0,0,0,0,0,0,0,0,0,0,0,0,0,0,0,0,0,0,0,0,0,0,0,0,0,0,0,0,1,0
21145,25,0,10,82.22,0,22.852,0,26.78,0,32.588,0,108.1,1437.737,59416.0,22.852,26.78,32.588,0,Santiago,2017-2018,25JEAN-ERIC VERGNERaceSantiago2017-2018,37,27,RaceSantiago2017-2018,29.562140677966088,0.2587486952281905,29.8889,29.0556,29.6111,36.290022033898346,0.2618358027649849,36.6667,36.1111,36.1111,55.76271186440679,0.7031697458000706,57.0,55.0,56.0,944.3232203389827,0.06577864337327796,944.4639999999999,944.193,944.328,2.1758135593220342,1.1043799639909713,4.24374,0.0,2.12187,0,0,1,0,0,0,0,0,0,0,0,1,0,0,0,0,0,0,0,0,0,0,0,0,0,0,0,0,0,0,0,0,0,0,0,0,0,0,0,0,0,0,0,0,1,0
21146,25,0,11,82.228,0,22.754,0,26.889,0,32.585,0,108.1,1519.965,59476.0,22.754,26.889,32.585,0,Santiago,2017-2018,25JEAN-ERIC VERGNERaceSantiago2017-2018,37,26,RaceSantiago2017-2018,29.562140677966088,0.2587486952281905,29.8889,29.0556,29.6111,36.290022033898346,0.2618358027649849,36.6667,36.1111,36.1111,55.76271186440679,0.7031697458000706,57.0,55.0,56.0,944.3232203389827,0.06577864337327796,944.4639999999999,944.193,944.328,2.1758135593220342,1.1043799639909713,4.24374,0.0,2.12187,0,0,1,0,0,0,0,0,0,0,0,1,0,0,0,0,0,0,0,0,0,0,0,0,0,0,0,0,0,0,0,0,0,0,0,0,0,0,0,0,0,0,0,0,1,0
21147,25,0,12,81.46300000000001,0,22.806,0,26.366,2,32.291,0,109.2,1601.4279999999999,59596.0,22.806,26.366,32.291,0,Santiago,2017-2018,25JEAN-ERIC VERGNERaceSantiago2017-2018,37,25,RaceSantiago2017-2018,29.562140677966088,0.2587486952281905,29.8889,29.0556,29.6111,36.290022033898346,0.2618358027649849,36.6667,36.1111,36.1111,55.76271186440679,0.7031697458000706,57.0,55.0,56.0,944.3232203389827,0.06577864337327796,944.4639999999999,944.193,944.328,2.1758135593220342,1.1043799639909713,4.24374,0.0,2.12187,0,0,1,0,0,0,0,0,0,0,0,1,0,0,0,0,0,0,0,0,0,0,0,0,0,0,0,0,0,0,0,0,0,0,0,0,0,0,0,0,0,0,0,0,1,0
21148,25,0,13,81.851,0,22.909,0,26.641,0,32.301,0,108.6,1683.279,59656.0,22.909,26.641,32.301,0,Santiago,2017-2018,25JEAN-ERIC VERGNERaceSantiago2017-2018,37,24,RaceSantiago2017-2018,29.562140677966088,0.2587486952281905,29.8889,29.0556,29.6111,36.290022033898346,0.2618358027649849,36.6667,36.1111,36.1111,55.76271186440679,0.7031697458000706,57.0,55.0,56.0,944.3232203389827,0.06577864337327796,944.4639999999999,944.193,944.328,2.1758135593220342,1.1043799639909713,4.24374,0.0,2.12187,0,0,1,0,0,0,0,0,0,0,0,1,0,0,0,0,0,0,0,0,0,0,0,0,0,0,0,0,0,0,0,0,0,0,0,0,0,0,0,0,0,0,0,0,1,0
21149,25,0,14,81.635,0,22.876,0,26.608,0,32.151,0,108.9,1764.914,59716.0,22.876,26.608,32.151,0,Santiago,2017-2018,25JEAN-ERIC VERGNERaceSantiago2017-2018,37,23,RaceSantiago2017-2018,29.562140677966088,0.2587486952281905,29.8889,29.0556,29.6111,36.290022033898346,0.2618358027649849,36.6667,36.1111,36.1111,55.76271186440679,0.7031697458000706,57.0,55.0,56.0,944.3232203389827,0.06577864337327796,944.4639999999999,944.193,944.328,2.1758135593220342,1.1043799639909713,4.24374,0.0,2.12187,0,0,1,0,0,0,0,0,0,0,0,1,0,0,0,0,0,0,0,0,0,0,0,0,0,0,0,0,0,0,0,0,0,0,0,0,0,0,0,0,0,0,0,0,1,0
21150,25,0,15,81.67399999999999,0,22.965,0,26.502,0,32.207,0,108.9,1846.588,59836.0,22.965,26.502,32.207,0,Santiago,2017-2018,25JEAN-ERIC VERGNERaceSantiago2017-2018,37,22,RaceSantiago2017-2018,29.562140677966088,0.2587486952281905,29.8889,29.0556,29.6111,36.290022033898346,0.2618358027649849,36.6667,36.1111,36.1111,55.76271186440679,0.7031697458000706,57.0,55.0,56.0,944.3232203389827,0.06577864337327796,944.4639999999999,944.193,944.328,2.1758135593220342,1.1043799639909713,4.24374,0.0,2.12187,0,0,1,0,0,0,0,0,0,0,0,1,0,0,0,0,0,0,0,0,0,0,0,0,0,0,0,0,0,0,0,0,0,0,0,0,0,0,0,0,0,0,0,0,1,0
21151,25,0,16,81.806,0,23.041,0,26.558,0,32.207,0,108.7,1928.394,59896.0,23.041,26.558,32.207,0,Santiago,2017-2018,25JEAN-ERIC VERGNERaceSantiago2017-2018,37,21,RaceSantiago2017-2018,29.562140677966088,0.2587486952281905,29.8889,29.0556,29.6111,36.290022033898346,0.2618358027649849,36.6667,36.1111,36.1111,55.76271186440679,0.7031697458000706,57.0,55.0,56.0,944.3232203389827,0.06577864337327796,944.4639999999999,944.193,944.328,2.1758135593220342,1.1043799639909713,4.24374,0.0,2.12187,0,0,1,0,0,0,0,0,0,0,0,1,0,0,0,0,0,0,0,0,0,0,0,0,0,0,0,0,0,0,0,0,0,0,0,0,0,0,0,0,0,0,0,0,1,0
21152,25,0,17,81.283,0,22.823,0,26.491,0,31.969,0,109.4,2009.677,59956.0,22.823,26.491,31.969,0,Santiago,2017-2018,25JEAN-ERIC VERGNERaceSantiago2017-2018,37,20,RaceSantiago2017-2018,29.562140677966088,0.2587486952281905,29.8889,29.0556,29.6111,36.290022033898346,0.2618358027649849,36.6667,36.1111,36.1111,55.76271186440679,0.7031697458000706,57.0,55.0,56.0,944.3232203389827,0.06577864337327796,944.4639999999999,944.193,944.328,2.1758135593220342,1.1043799639909713,4.24374,0.0,2.12187,0,0,1,0,0,0,0,0,0,0,0,1,0,0,0,0,0,0,0,0,0,0,0,0,0,0,0,0,0,0,0,0,0,0,0,0,0,0,0,0,0,0,0,0,1,0
21153,25,0,18,82.154,0,22.774,0,26.85,0,32.53,0,108.2,2091.831,60076.0,22.774,26.85,32.53,0,Santiago,2017-2018,25JEAN-ERIC VERGNERaceSantiago2017-2018,37,19,RaceSantiago2017-2018,29.562140677966088,0.2587486952281905,29.8889,29.0556,29.6111,36.290022033898346,0.2618358027649849,36.6667,36.1111,36.1111,55.76271186440679,0.7031697458000706,57.0,55.0,56.0,944.3232203389827,0.06577864337327796,944.4639999999999,944.193,944.328,2.1758135593220342,1.1043799639909713,4.24374,0.0,2.12187,0,0,1,0,0,0,0,0,0,0,0,1,0,0,0,0,0,0,0,0,0,0,0,0,0,0,0,0,0,0,0,0,0,0,0,0,0,0,0,0,0,0,0,0,1,0
21154,25,0,19,82.68700000000001,0,22.81,0,26.754,0,33.123,0,107.5,2174.518,60136.0,22.81,26.754,33.123,0,Santiago,2017-2018,25JEAN-ERIC VERGNERaceSantiago2017-2018,37,18,RaceSantiago2017-2018,29.562140677966088,0.2587486952281905,29.8889,29.0556,29.6111,36.290022033898346,0.2618358027649849,36.6667,36.1111,36.1111,55.76271186440679,0.7031697458000706,57.0,55.0,56.0,944.3232203389827,0.06577864337327796,944.4639999999999,944.193,944.328,2.1758135593220342,1.1043799639909713,4.24374,0.0,2.12187,0,0,1,0,0,0,0,0,0,0,0,1,0,0,0,0,0,0,0,0,0,0,0,0,0,0,0,0,0,0,0,0,0,0,0,0,0,0,0,0,0,0,0,0,1,0
21155,25,0,20,113.839,0,24.216,0,27.344,0,62.278999999999996,0,78.1,2288.357,60256.0,24.216,27.344,62.278999999999996,46.847,Santiago,2017-2018,25JEAN-ERIC VERGNERaceSantiago2017-2018,37,17,RaceSantiago2017-2018,29.562140677966088,0.2587486952281905,29.8889,29.0556,29.6111,36.290022033898346,0.2618358027649849,36.6667,36.1111,36.1111,55.76271186440679,0.7031697458000706,57.0,55.0,56.0,944.3232203389827,0.06577864337327796,944.4639999999999,944.193,944.328,2.1758135593220342,1.1043799639909713,4.24374,0.0,2.12187,0,0,1,0,0,0,0,0,0,0,0,1,0,0,0,0,0,0,0,0,0,0,0,0,0,0,0,0,0,0,0,0,0,0,0,0,0,0,0,0,0,0,0,0,1,0
21156,25,0,21,86.927,0,27.901,0,26.824,0,32.202,0,102.3,2375.284,60316.0,27.901,26.824,32.202,0,Santiago,2017-2018,25JEAN-ERIC VERGNERaceSantiago2017-2018,37,16,RaceSantiago2017-2018,29.562140677966088,0.2587486952281905,29.8889,29.0556,29.6111,36.290022033898346,0.2618358027649849,36.6667,36.1111,36.1111,55.76271186440679,0.7031697458000706,57.0,55.0,56.0,944.3232203389827,0.06577864337327796,944.4639999999999,944.193,944.328,2.1758135593220342,1.1043799639909713,4.24374,0.0,2.12187,0,0,1,0,0,0,0,0,0,0,0,1,0,0,0,0,0,0,0,0,0,0,0,0,0,0,0,0,0,0,0,0,0,0,0,0,0,0,0,0,0,0,0,0,1,0
21157,25,0,22,82.215,0,23.213,0,26.78,0,32.222,0,108.2,2457.499,60436.0,23.213,26.78,32.222,0,Santiago,2017-2018,25JEAN-ERIC VERGNERaceSantiago2017-2018,37,15,RaceSantiago2017-2018,29.562140677966088,0.2587486952281905,29.8889,29.0556,29.6111,36.290022033898346,0.2618358027649849,36.6667,36.1111,36.1111,55.76271186440679,0.7031697458000706,57.0,55.0,56.0,944.3232203389827,0.06577864337327796,944.4639999999999,944.193,944.328,2.1758135593220342,1.1043799639909713,4.24374,0.0,2.12187,0,0,1,0,0,0,0,0,0,0,0,1,0,0,0,0,0,0,0,0,0,0,0,0,0,0,0,0,0,0,0,0,0,0,0,0,0,0,0,0,0,0,0,0,1,0
21158,25,0,23,81.786,0,22.882,0,26.862,0,32.042,0,108.7,2539.285,60496.0,22.882,26.862,32.042,0,Santiago,2017-2018,25JEAN-ERIC VERGNERaceSantiago2017-2018,37,14,RaceSantiago2017-2018,29.562140677966088,0.2587486952281905,29.8889,29.0556,29.6111,36.290022033898346,0.2618358027649849,36.6667,36.1111,36.1111,55.76271186440679,0.7031697458000706,57.0,55.0,56.0,944.3232203389827,0.06577864337327796,944.4639999999999,944.193,944.328,2.1758135593220342,1.1043799639909713,4.24374,0.0,2.12187,0,0,1,0,0,0,0,0,0,0,0,1,0,0,0,0,0,0,0,0,0,0,0,0,0,0,0,0,0,0,0,0,0,0,0,0,0,0,0,0,0,0,0,0,1,0
21159,25,0,24,81.415,0,22.746,0,26.793,0,31.876,0,109.2,2620.7,60556.0,22.746,26.793,31.876,0,Santiago,2017-2018,25JEAN-ERIC VERGNERaceSantiago2017-2018,37,13,RaceSantiago2017-2018,29.562140677966088,0.2587486952281905,29.8889,29.0556,29.6111,36.290022033898346,0.2618358027649849,36.6667,36.1111,36.1111,55.76271186440679,0.7031697458000706,57.0,55.0,56.0,944.3232203389827,0.06577864337327796,944.4639999999999,944.193,944.328,2.1758135593220342,1.1043799639909713,4.24374,0.0,2.12187,0,0,1,0,0,0,0,0,0,0,0,1,0,0,0,0,0,0,0,0,0,0,0,0,0,0,0,0,0,0,0,0,0,0,0,0,0,0,0,0,0,0,0,0,1,0
21160,25,0,25,81.3,0,22.724,0,26.705,0,31.871,0,109.4,2702.0,60676.0,22.724,26.705,31.871,0,Santiago,2017-2018,25JEAN-ERIC VERGNERaceSantiago2017-2018,37,12,RaceSantiago2017-2018,29.562140677966088,0.2587486952281905,29.8889,29.0556,29.6111,36.290022033898346,0.2618358027649849,36.6667,36.1111,36.1111,55.76271186440679,0.7031697458000706,57.0,55.0,56.0,944.3232203389827,0.06577864337327796,944.4639999999999,944.193,944.328,2.1758135593220342,1.1043799639909713,4.24374,0.0,2.12187,0,0,1,0,0,0,0,0,0,0,0,1,0,0,0,0,0,0,0,0,0,0,0,0,0,0,0,0,0,0,0,0,0,0,0,0,0,0,0,0,0,0,0,0,1,0
21161,25,0,26,80.928,2,22.66,2,26.462,0,31.806,0,109.9,2782.928,60736.0,22.66,26.462,31.806,0,Santiago,2017-2018,25JEAN-ERIC VERGNERaceSantiago2017-2018,37,11,RaceSantiago2017-2018,29.562140677966088,0.2587486952281905,29.8889,29.0556,29.6111,36.290022033898346,0.2618358027649849,36.6667,36.1111,36.1111,55.76271186440679,0.7031697458000706,57.0,55.0,56.0,944.3232203389827,0.06577864337327796,944.4639999999999,944.193,944.328,2.1758135593220342,1.1043799639909713,4.24374,0.0,2.12187,0,0,1,0,0,0,0,0,0,0,0,1,0,0,0,0,0,0,0,0,0,0,0,0,0,0,0,0,0,0,0,0,0,0,0,0,0,0,0,0,0,0,0,0,1,0
21162,25,0,27,81.979,0,22.718,0,26.655,0,32.606,0,108.5,2864.907,60856.0,22.718,26.655,32.606,0,Santiago,2017-2018,25JEAN-ERIC VERGNERaceSantiago2017-2018,37,10,RaceSantiago2017-2018,29.562140677966088,0.2587486952281905,29.8889,29.0556,29.6111,36.290022033898346,0.2618358027649849,36.6667,36.1111,36.1111,55.76271186440679,0.7031697458000706,57.0,55.0,56.0,944.3232203389827,0.06577864337327796,944.4639999999999,944.193,944.328,2.1758135593220342,1.1043799639909713,4.24374,0.0,2.12187,0,0,1,0,0,0,0,0,0,0,0,1,0,0,0,0,0,0,0,0,0,0,0,0,0,0,0,0,0,0,0,0,0,0,0,0,0,0,0,0,0,0,0,0,1,0
21163,25,0,28,82.182,0,22.969,0,26.522,0,32.691,0,108.2,2947.089,60916.0,22.969,26.522,32.691,0,Santiago,2017-2018,25JEAN-ERIC VERGNERaceSantiago2017-2018,37,9,RaceSantiago2017-2018,29.562140677966088,0.2587486952281905,29.8889,29.0556,29.6111,36.290022033898346,0.2618358027649849,36.6667,36.1111,36.1111,55.76271186440679,0.7031697458000706,57.0,55.0,56.0,944.3232203389827,0.06577864337327796,944.4639999999999,944.193,944.328,2.1758135593220342,1.1043799639909713,4.24374,0.0,2.12187,0,0,1,0,0,0,0,0,0,0,0,1,0,0,0,0,0,0,0,0,0,0,0,0,0,0,0,0,0,0,0,0,0,0,0,0,0,0,0,0,0,0,0,0,1,0
21164,25,0,29,82.116,0,22.902,0,26.904,0,32.31,0,108.3,3029.205,60976.0,22.902,26.904,32.31,0,Santiago,2017-2018,25JEAN-ERIC VERGNERaceSantiago2017-2018,37,8,RaceSantiago2017-2018,29.562140677966088,0.2587486952281905,29.8889,29.0556,29.6111,36.290022033898346,0.2618358027649849,36.6667,36.1111,36.1111,55.76271186440679,0.7031697458000706,57.0,55.0,56.0,944.3232203389827,0.06577864337327796,944.4639999999999,944.193,944.328,2.1758135593220342,1.1043799639909713,4.24374,0.0,2.12187,0,0,1,0,0,0,0,0,0,0,0,1,0,0,0,0,0,0,0,0,0,0,0,0,0,0,0,0,0,0,0,0,0,0,0,0,0,0,0,0,0,0,0,0,1,0
21165,25,0,30,80.943,0,22.719,0,26.463,0,31.761,2,109.9,3110.148,61096.0,22.719,26.463,31.761,0,Santiago,2017-2018,25JEAN-ERIC VERGNERaceSantiago2017-2018,37,7,RaceSantiago2017-2018,29.562140677966088,0.2587486952281905,29.8889,29.0556,29.6111,36.290022033898346,0.2618358027649849,36.6667,36.1111,36.1111,55.76271186440679,0.7031697458000706,57.0,55.0,56.0,944.3232203389827,0.06577864337327796,944.4639999999999,944.193,944.328,2.1758135593220342,1.1043799639909713,4.24374,0.0,2.12187,0,0,1,0,0,0,0,0,0,0,0,1,0,0,0,0,0,0,0,0,0,0,0,0,0,0,0,0,0,0,0,0,0,0,0,0,0,0,0,0,0,0,0,0,1,0
21166,25,0,31,81.317,0,22.802,0,26.563,0,31.952,0,109.3,3191.465,61156.0,22.802,26.563,31.952,0,Santiago,2017-2018,25JEAN-ERIC VERGNERaceSantiago2017-2018,37,6,RaceSantiago2017-2018,29.562140677966088,0.2587486952281905,29.8889,29.0556,29.6111,36.290022033898346,0.2618358027649849,36.6667,36.1111,36.1111,55.76271186440679,0.7031697458000706,57.0,55.0,56.0,944.3232203389827,0.06577864337327796,944.4639999999999,944.193,944.328,2.1758135593220342,1.1043799639909713,4.24374,0.0,2.12187,0,0,1,0,0,0,0,0,0,0,0,1,0,0,0,0,0,0,0,0,0,0,0,0,0,0,0,0,0,0,0,0,0,0,0,0,0,0,0,0,0,0,0,0,1,0
21167,25,0,32,81.236,0,22.713,0,26.515,0,32.008,0,109.5,3272.701,61217.0,22.713,26.515,32.008,0,Santiago,2017-2018,25JEAN-ERIC VERGNERaceSantiago2017-2018,37,5,RaceSantiago2017-2018,29.562140677966088,0.2587486952281905,29.8889,29.0556,29.6111,36.290022033898346,0.2618358027649849,36.6667,36.1111,36.1111,55.76271186440679,0.7031697458000706,57.0,55.0,56.0,944.3232203389827,0.06577864337327796,944.4639999999999,944.193,944.328,2.1758135593220342,1.1043799639909713,4.24374,0.0,2.12187,0,0,1,0,0,0,0,0,0,0,0,1,0,0,0,0,0,0,0,0,0,0,0,0,0,0,0,0,0,0,0,0,0,0,0,0,0,0,0,0,0,0,0,0,1,0
21168,25,0,33,83.831,0,22.825,0,28.694,0,32.312,0,106.1,3356.532,61337.0,22.825,28.694,32.312,0,Santiago,2017-2018,25JEAN-ERIC VERGNERaceSantiago2017-2018,37,4,RaceSantiago2017-2018,29.562140677966088,0.2587486952281905,29.8889,29.0556,29.6111,36.290022033898346,0.2618358027649849,36.6667,36.1111,36.1111,55.76271186440679,0.7031697458000706,57.0,55.0,56.0,944.3232203389827,0.06577864337327796,944.4639999999999,944.193,944.328,2.1758135593220342,1.1043799639909713,4.24374,0.0,2.12187,0,0,1,0,0,0,0,0,0,0,0,1,0,0,0,0,0,0,0,0,0,0,0,0,0,0,0,0,0,0,0,0,0,0,0,0,0,0,0,0,0,0,0,0,1,0
21169,25,0,34,82.02799999999999,0,22.947,0,26.838,0,32.243,0,108.4,3438.56,61397.0,22.947,26.838,32.243,0,Santiago,2017-2018,25JEAN-ERIC VERGNERaceSantiago2017-2018,37,3,RaceSantiago2017-2018,29.562140677966088,0.2587486952281905,29.8889,29.0556,29.6111,36.290022033898346,0.2618358027649849,36.6667,36.1111,36.1111,55.76271186440679,0.7031697458000706,57.0,55.0,56.0,944.3232203389827,0.06577864337327796,944.4639999999999,944.193,944.328,2.1758135593220342,1.1043799639909713,4.24374,0.0,2.12187,0,0,1,0,0,0,0,0,0,0,0,1,0,0,0,0,0,0,0,0,0,0,0,0,0,0,0,0,0,0,0,0,0,0,0,0,0,0,0,0,0,0,0,0,1,0
21170,25,0,35,81.321,0,22.739,0,26.606,0,31.976,0,109.3,3519.881,61457.0,22.739,26.606,31.976,0,Santiago,2017-2018,25JEAN-ERIC VERGNERaceSantiago2017-2018,37,2,RaceSantiago2017-2018,29.562140677966088,0.2587486952281905,29.8889,29.0556,29.6111,36.290022033898346,0.2618358027649849,36.6667,36.1111,36.1111,55.76271186440679,0.7031697458000706,57.0,55.0,56.0,944.3232203389827,0.06577864337327796,944.4639999999999,944.193,944.328,2.1758135593220342,1.1043799639909713,4.24374,0.0,2.12187,0,0,1,0,0,0,0,0,0,0,0,1,0,0,0,0,0,0,0,0,0,0,0,0,0,0,0,0,0,0,0,0,0,0,0,0,0,0,0,0,0,0,0,0,1,0
21171,25,0,36,82.12,0,22.85,0,27.212,0,32.058,0,108.3,3601.0,61577.0,22.85,27.212,32.058,0,Santiago,2017-2018,25JEAN-ERIC VERGNERaceSantiago2017-2018,37,1,RaceSantiago2017-2018,29.562140677966088,0.2587486952281905,29.8889,29.0556,29.6111,36.290022033898346,0.2618358027649849,36.6667,36.1111,36.1111,55.76271186440679,0.7031697458000706,57.0,55.0,56.0,944.3232203389827,0.06577864337327796,944.4639999999999,944.193,944.328,2.1758135593220342,1.1043799639909713,4.24374,0.0,2.12187,0,0,1,0,0,0,0,0,0,0,0,1,0,0,0,0,0,0,0,0,0,0,0,0,0,0,0,0,0,0,0,0,0,0,0,0,0,0,0,0,0,0,0,0,1,0
21172,25,0,37,82.51299999999999,0,22.886,0,26.886,0,32.741,0,107.8,3661.0,61637.0,22.886,26.886,32.741,0,Santiago,2017-2018,25JEAN-ERIC VERGNERaceSantiago2017-2018,37,0,RaceSantiago2017-2018,29.562140677966088,0.2587486952281905,29.8889,29.0556,29.6111,36.290022033898346,0.2618358027649849,36.6667,36.1111,36.1111,55.76271186440679,0.7031697458000706,57.0,55.0,56.0,944.3232203389827,0.06577864337327796,944.4639999999999,944.193,944.328,2.1758135593220342,1.1043799639909713,4.24374,0.0,2.12187,0,0,1,0,0,0,0,0,0,0,0,1,0,0,0,0,0,0,0,0,0,0,0,0,0,0,0,0,0,0,0,0,0,0,0,0,0,0,0,0,0,0,0,0,1,0
28865,66,0,1,68.594,0,18.788,0,30.056,0,19.75,0,109.8,68.594,57856.0,18.788,30.056,19.75,0,Mexico city,2017-2018,66DANIEL ABTRaceMexico city2017-2018,47,46,RaceMexico city2017-2018,23.523021575342504,0.19406781057124367,23.8889,23.2778,23.4444,27.762573287671145,0.19480920626124515,28.3333,27.2222,27.7778,70.5,1.2668113500294824,72.0,68.0,71.0,1014.1894863013694,0.06395936599895137,1014.43,1014.12,1014.19,3.3572023630136973,1.5462322885754358,7.426539999999999,0.0,3.1828,0,0,1,0,0,0,0,1,0,0,0,0,0,0,0,0,0,0,0,0,0,0,0,0,0,0,0,0,0,0,0,0,0,0,0,1,0,0,0,0,0,0,0,0,0,0
28866,66,0,2,64.428,0,15.385,0,29.389,0,19.654,0,116.9,133.022,57916.0,15.385,29.389,19.654,0,Mexico city,2017-2018,66DANIEL ABTRaceMexico city2017-2018,47,45,RaceMexico city2017-2018,23.523021575342504,0.19406781057124367,23.8889,23.2778,23.4444,27.762573287671145,0.19480920626124515,28.3333,27.2222,27.7778,70.5,1.2668113500294824,72.0,68.0,71.0,1014.1894863013694,0.06395936599895137,1014.43,1014.12,1014.19,3.3572023630136973,1.5462322885754358,7.426539999999999,0.0,3.1828,0,0,1,0,0,0,0,1,0,0,0,0,0,0,0,0,0,0,0,0,0,0,0,0,0,0,0,0,0,0,0,0,0,0,0,1,0,0,0,0,0,0,0,0,0,0
28867,66,0,3,64.425,0,15.245999999999999,0,29.5,0,19.679000000000002,0,117.0,197.447,58036.0,15.246,29.5,19.679,0,Mexico city,2017-2018,66DANIEL ABTRaceMexico city2017-2018,47,44,RaceMexico city2017-2018,23.523021575342504,0.19406781057124367,23.8889,23.2778,23.4444,27.762573287671145,0.19480920626124515,28.3333,27.2222,27.7778,70.5,1.2668113500294824,72.0,68.0,71.0,1014.1894863013694,0.06395936599895137,1014.43,1014.12,1014.19,3.3572023630136973,1.5462322885754358,7.426539999999999,0.0,3.1828,0,0,1,0,0,0,0,1,0,0,0,0,0,0,0,0,0,0,0,0,0,0,0,0,0,0,0,0,0,0,0,0,0,0,0,1,0,0,0,0,0,0,0,0,0,0
28868,66,0,4,64.062,0,15.210999999999999,0,29.211,0,19.64,0,117.6,261.509,58096.0,15.211,29.211,19.64,0,Mexico city,2017-2018,66DANIEL ABTRaceMexico city2017-2018,47,43,RaceMexico city2017-2018,23.523021575342504,0.19406781057124367,23.8889,23.2778,23.4444,27.762573287671145,0.19480920626124515,28.3333,27.2222,27.7778,70.5,1.2668113500294824,72.0,68.0,71.0,1014.1894863013694,0.06395936599895137,1014.43,1014.12,1014.19,3.3572023630136973,1.5462322885754358,7.426539999999999,0.0,3.1828,0,0,1,0,0,0,0,1,0,0,0,0,0,0,0,0,0,0,0,0,0,0,0,0,0,0,0,0,0,0,0,0,0,0,0,1,0,0,0,0,0,0,0,0,0,0
28869,66,0,5,64.195,0,15.28,0,29.179,0,19.736,0,117.4,325.704,58156.0,15.28,29.179,19.736,0,Mexico city,2017-2018,66DANIEL ABTRaceMexico city2017-2018,47,42,RaceMexico city2017-2018,23.523021575342504,0.19406781057124367,23.8889,23.2778,23.4444,27.762573287671145,0.19480920626124515,28.3333,27.2222,27.7778,70.5,1.2668113500294824,72.0,68.0,71.0,1014.1894863013694,0.06395936599895137,1014.43,1014.12,1014.19,3.3572023630136973,1.5462322885754358,7.426539999999999,0.0,3.1828,0,0,1,0,0,0,0,1,0,0,0,0,0,0,0,0,0,0,0,0,0,0,0,0,0,0,0,0,0,0,0,0,0,0,0,1,0,0,0,0,0,0,0,0,0,0
28870,66,0,6,64.355,0,15.242,0,29.461,0,19.652,0,117.1,390.059,58216.0,15.242,29.461,19.652,0,Mexico city,2017-2018,66DANIEL ABTRaceMexico city2017-2018,47,41,RaceMexico city2017-2018,23.523021575342504,0.19406781057124367,23.8889,23.2778,23.4444,27.762573287671145,0.19480920626124515,28.3333,27.2222,27.7778,70.5,1.2668113500294824,72.0,68.0,71.0,1014.1894863013694,0.06395936599895137,1014.43,1014.12,1014.19,3.3572023630136973,1.5462322885754358,7.426539999999999,0.0,3.1828,0,0,1,0,0,0,0,1,0,0,0,0,0,0,0,0,0,0,0,0,0,0,0,0,0,0,0,0,0,0,0,0,0,0,0,1,0,0,0,0,0,0,0,0,0,0
28871,66,0,7,64.602,0,15.757,0,29.188,0,19.657,0,116.6,454.661,58276.0,15.757,29.188,19.657,0,Mexico city,2017-2018,66DANIEL ABTRaceMexico city2017-2018,47,40,RaceMexico city2017-2018,23.523021575342504,0.19406781057124367,23.8889,23.2778,23.4444,27.762573287671145,0.19480920626124515,28.3333,27.2222,27.7778,70.5,1.2668113500294824,72.0,68.0,71.0,1014.1894863013694,0.06395936599895137,1014.43,1014.12,1014.19,3.3572023630136973,1.5462322885754358,7.426539999999999,0.0,3.1828,0,0,1,0,0,0,0,1,0,0,0,0,0,0,0,0,0,0,0,0,0,0,0,0,0,0,0,0,0,0,0,0,0,0,0,1,0,0,0,0,0,0,0,0,0,0
28872,66,0,8,63.918,0,15.215,0,29.014,0,19.689,0,117.9,518.579,58336.0,15.215,29.014,19.689,0,Mexico city,2017-2018,66DANIEL ABTRaceMexico city2017-2018,47,39,RaceMexico city2017-2018,23.523021575342504,0.19406781057124367,23.8889,23.2778,23.4444,27.762573287671145,0.19480920626124515,28.3333,27.2222,27.7778,70.5,1.2668113500294824,72.0,68.0,71.0,1014.1894863013694,0.06395936599895137,1014.43,1014.12,1014.19,3.3572023630136973,1.5462322885754358,7.426539999999999,0.0,3.1828,0,0,1,0,0,0,0,1,0,0,0,0,0,0,0,0,0,0,0,0,0,0,0,0,0,0,0,0,0,0,0,0,0,0,0,1,0,0,0,0,0,0,0,0,0,0
28873,66,0,9,63.665,0,15.205,0,28.983,0,19.477,0,118.4,582.244,58396.0,15.205,28.983,19.477,0,Mexico city,2017-2018,66DANIEL ABTRaceMexico city2017-2018,47,38,RaceMexico city2017-2018,23.523021575342504,0.19406781057124367,23.8889,23.2778,23.4444,27.762573287671145,0.19480920626124515,28.3333,27.2222,27.7778,70.5,1.2668113500294824,72.0,68.0,71.0,1014.1894863013694,0.06395936599895137,1014.43,1014.12,1014.19,3.3572023630136973,1.5462322885754358,7.426539999999999,0.0,3.1828,0,0,1,0,0,0,0,1,0,0,0,0,0,0,0,0,0,0,0,0,0,0,0,0,0,0,0,0,0,0,0,0,0,0,0,1,0,0,0,0,0,0,0,0,0,0
28874,66,0,10,63.893,0,15.218,0,29.014,0,19.660999999999998,0,117.9,646.137,58456.0,15.218,29.014,19.661,0,Mexico city,2017-2018,66DANIEL ABTRaceMexico city2017-2018,47,37,RaceMexico city2017-2018,23.523021575342504,0.19406781057124367,23.8889,23.2778,23.4444,27.762573287671145,0.19480920626124515,28.3333,27.2222,27.7778,70.5,1.2668113500294824,72.0,68.0,71.0,1014.1894863013694,0.06395936599895137,1014.43,1014.12,1014.19,3.3572023630136973,1.5462322885754358,7.426539999999999,0.0,3.1828,0,0,1,0,0,0,0,1,0,0,0,0,0,0,0,0,0,0,0,0,0,0,0,0,0,0,0,0,0,0,0,0,0,0,0,1,0,0,0,0,0,0,0,0,0,0
28875,66,0,11,63.968999999999994,0,15.11,0,29.24,0,19.619,0,117.8,710.106,58516.0,15.11,29.24,19.619,0,Mexico city,2017-2018,66DANIEL ABTRaceMexico city2017-2018,47,36,RaceMexico city2017-2018,23.523021575342504,0.19406781057124367,23.8889,23.2778,23.4444,27.762573287671145,0.19480920626124515,28.3333,27.2222,27.7778,70.5,1.2668113500294824,72.0,68.0,71.0,1014.1894863013694,0.06395936599895137,1014.43,1014.12,1014.19,3.3572023630136973,1.5462322885754358,7.426539999999999,0.0,3.1828,0,0,1,0,0,0,0,1,0,0,0,0,0,0,0,0,0,0,0,0,0,0,0,0,0,0,0,0,0,0,0,0,0,0,0,1,0,0,0,0,0,0,0,0,0,0
28876,66,0,12,64.002,0,15.065,0,29.27,0,19.667,0,117.7,774.108,58576.0,15.065,29.27,19.667,0,Mexico city,2017-2018,66DANIEL ABTRaceMexico city2017-2018,47,35,RaceMexico city2017-2018,23.523021575342504,0.19406781057124367,23.8889,23.2778,23.4444,27.762573287671145,0.19480920626124515,28.3333,27.2222,27.7778,70.5,1.2668113500294824,72.0,68.0,71.0,1014.1894863013694,0.06395936599895137,1014.43,1014.12,1014.19,3.3572023630136973,1.5462322885754358,7.426539999999999,0.0,3.1828,0,0,1,0,0,0,0,1,0,0,0,0,0,0,0,0,0,0,0,0,0,0,0,0,0,0,0,0,0,0,0,0,0,0,0,1,0,0,0,0,0,0,0,0,0,0
28877,66,0,13,64.169,0,15.134,0,29.35,0,19.685,0,117.4,838.277,58636.0,15.134,29.35,19.685,0,Mexico city,2017-2018,66DANIEL ABTRaceMexico city2017-2018,47,34,RaceMexico city2017-2018,23.523021575342504,0.19406781057124367,23.8889,23.2778,23.4444,27.762573287671145,0.19480920626124515,28.3333,27.2222,27.7778,70.5,1.2668113500294824,72.0,68.0,71.0,1014.1894863013694,0.06395936599895137,1014.43,1014.12,1014.19,3.3572023630136973,1.5462322885754358,7.426539999999999,0.0,3.1828,0,0,1,0,0,0,0,1,0,0,0,0,0,0,0,0,0,0,0,0,0,0,0,0,0,0,0,0,0,0,0,0,0,0,0,1,0,0,0,0,0,0,0,0,0,0
28878,66,0,14,63.968,0,15.147,0,29.151,0,19.67,0,117.8,902.245,58696.0,15.147,29.151,19.67,0,Mexico city,2017-2018,66DANIEL ABTRaceMexico city2017-2018,47,33,RaceMexico city2017-2018,23.523021575342504,0.19406781057124367,23.8889,23.2778,23.4444,27.762573287671145,0.19480920626124515,28.3333,27.2222,27.7778,70.5,1.2668113500294824,72.0,68.0,71.0,1014.1894863013694,0.06395936599895137,1014.43,1014.12,1014.19,3.3572023630136973,1.5462322885754358,7.426539999999999,0.0,3.1828,0,0,1,0,0,0,0,1,0,0,0,0,0,0,0,0,0,0,0,0,0,0,0,0,0,0,0,0,0,0,0,0,0,0,0,1,0,0,0,0,0,0,0,0,0,0
28879,66,0,15,64.931,0,15.035,0,30.144,0,19.752,0,116.0,967.176,58756.0,15.035,30.144,19.752,0,Mexico city,2017-2018,66DANIEL ABTRaceMexico city2017-2018,47,32,RaceMexico city2017-2018,23.523021575342504,0.19406781057124367,23.8889,23.2778,23.4444,27.762573287671145,0.19480920626124515,28.3333,27.2222,27.7778,70.5,1.2668113500294824,72.0,68.0,71.0,1014.1894863013694,0.06395936599895137,1014.43,1014.12,1014.19,3.3572023630136973,1.5462322885754358,7.426539999999999,0.0,3.1828,0,0,1,0,0,0,0,1,0,0,0,0,0,0,0,0,0,0,0,0,0,0,0,0,0,0,0,0,0,0,0,0,0,0,0,1,0,0,0,0,0,0,0,0,0,0
28880,66,0,16,64.039,0,15.174000000000001,0,29.244,0,19.621,0,117.7,1031.215,58816.0,15.174,29.244,19.621,0,Mexico city,2017-2018,66DANIEL ABTRaceMexico city2017-2018,47,31,RaceMexico city2017-2018,23.523021575342504,0.19406781057124367,23.8889,23.2778,23.4444,27.762573287671145,0.19480920626124515,28.3333,27.2222,27.7778,70.5,1.2668113500294824,72.0,68.0,71.0,1014.1894863013694,0.06395936599895137,1014.43,1014.12,1014.19,3.3572023630136973,1.5462322885754358,7.426539999999999,0.0,3.1828,0,0,1,0,0,0,0,1,0,0,0,0,0,0,0,0,0,0,0,0,0,0,0,0,0,0,0,0,0,0,0,0,0,0,0,1,0,0,0,0,0,0,0,0,0,0
28881,66,0,17,64.061,0,15.190999999999999,0,29.211,0,19.659000000000002,0,117.6,1095.276,58876.0,15.191,29.211,19.659,0,Mexico city,2017-2018,66DANIEL ABTRaceMexico city2017-2018,47,30,RaceMexico city2017-2018,23.523021575342504,0.19406781057124367,23.8889,23.2778,23.4444,27.762573287671145,0.19480920626124515,28.3333,27.2222,27.7778,70.5,1.2668113500294824,72.0,68.0,71.0,1014.1894863013694,0.06395936599895137,1014.43,1014.12,1014.19,3.3572023630136973,1.5462322885754358,7.426539999999999,0.0,3.1828,0,0,1,0,0,0,0,1,0,0,0,0,0,0,0,0,0,0,0,0,0,0,0,0,0,0,0,0,0,0,0,0,0,0,0,1,0,0,0,0,0,0,0,0,0,0
28882,66,0,18,64.066,0,15.104000000000001,0,29.409,0,19.553,0,117.6,1159.342,58996.0,15.104,29.409,19.553,0,Mexico city,2017-2018,66DANIEL ABTRaceMexico city2017-2018,47,29,RaceMexico city2017-2018,23.523021575342504,0.19406781057124367,23.8889,23.2778,23.4444,27.762573287671145,0.19480920626124515,28.3333,27.2222,27.7778,70.5,1.2668113500294824,72.0,68.0,71.0,1014.1894863013694,0.06395936599895137,1014.43,1014.12,1014.19,3.3572023630136973,1.5462322885754358,7.426539999999999,0.0,3.1828,0,0,1,0,0,0,0,1,0,0,0,0,0,0,0,0,0,0,0,0,0,0,0,0,0,0,0,0,0,0,0,0,0,0,0,1,0,0,0,0,0,0,0,0,0,0
28883,66,0,19,64.058,0,15.095,0,29.318,0,19.645,0,117.6,1223.4,59056.0,15.095,29.318,19.645,0,Mexico city,2017-2018,66DANIEL ABTRaceMexico city2017-2018,47,28,RaceMexico city2017-2018,23.523021575342504,0.19406781057124367,23.8889,23.2778,23.4444,27.762573287671145,0.19480920626124515,28.3333,27.2222,27.7778,70.5,1.2668113500294824,72.0,68.0,71.0,1014.1894863013694,0.06395936599895137,1014.43,1014.12,1014.19,3.3572023630136973,1.5462322885754358,7.426539999999999,0.0,3.1828,0,0,1,0,0,0,0,1,0,0,0,0,0,0,0,0,0,0,0,0,0,0,0,0,0,0,0,0,0,0,0,0,0,0,0,1,0,0,0,0,0,0,0,0,0,0
28884,66,0,20,64.109,0,15.127,0,29.266,0,19.715999999999998,0,117.5,1287.509,59116.0,15.127,29.266,19.716,0,Mexico city,2017-2018,66DANIEL ABTRaceMexico city2017-2018,47,27,RaceMexico city2017-2018,23.523021575342504,0.19406781057124367,23.8889,23.2778,23.4444,27.762573287671145,0.19480920626124515,28.3333,27.2222,27.7778,70.5,1.2668113500294824,72.0,68.0,71.0,1014.1894863013694,0.06395936599895137,1014.43,1014.12,1014.19,3.3572023630136973,1.5462322885754358,7.426539999999999,0.0,3.1828,0,0,1,0,0,0,0,1,0,0,0,0,0,0,0,0,0,0,0,0,0,0,0,0,0,0,0,0,0,0,0,0,0,0,0,1,0,0,0,0,0,0,0,0,0,0
28885,66,0,21,64.33800000000001,0,15.555,0,29.084,0,19.699,0,117.1,1351.847,59176.0,15.555,29.084,19.699,0,Mexico city,2017-2018,66DANIEL ABTRaceMexico city2017-2018,47,26,RaceMexico city2017-2018,23.523021575342504,0.19406781057124367,23.8889,23.2778,23.4444,27.762573287671145,0.19480920626124515,28.3333,27.2222,27.7778,70.5,1.2668113500294824,72.0,68.0,71.0,1014.1894863013694,0.06395936599895137,1014.43,1014.12,1014.19,3.3572023630136973,1.5462322885754358,7.426539999999999,0.0,3.1828,0,0,1,0,0,0,0,1,0,0,0,0,0,0,0,0,0,0,0,0,0,0,0,0,0,0,0,0,0,0,0,0,0,0,0,1,0,0,0,0,0,0,0,0,0,0
28886,66,0,22,63.863,0,15.198,0,28.989,0,19.676,0,118.0,1415.71,59236.0,15.198,28.989,19.676,0,Mexico city,2017-2018,66DANIEL ABTRaceMexico city2017-2018,47,25,RaceMexico city2017-2018,23.523021575342504,0.19406781057124367,23.8889,23.2778,23.4444,27.762573287671145,0.19480920626124515,28.3333,27.2222,27.7778,70.5,1.2668113500294824,72.0,68.0,71.0,1014.1894863013694,0.06395936599895137,1014.43,1014.12,1014.19,3.3572023630136973,1.5462322885754358,7.426539999999999,0.0,3.1828,0,0,1,0,0,0,0,1,0,0,0,0,0,0,0,0,0,0,0,0,0,0,0,0,0,0,0,0,0,0,0,0,0,0,0,1,0,0,0,0,0,0,0,0,0,0
28887,66,0,23,64.01100000000001,0,15.183,0,29.056,0,19.772000000000002,0,117.7,1479.721,59296.0,15.183,29.056,19.772,0,Mexico city,2017-2018,66DANIEL ABTRaceMexico city2017-2018,47,24,RaceMexico city2017-2018,23.523021575342504,0.19406781057124367,23.8889,23.2778,23.4444,27.762573287671145,0.19480920626124515,28.3333,27.2222,27.7778,70.5,1.2668113500294824,72.0,68.0,71.0,1014.1894863013694,0.06395936599895137,1014.43,1014.12,1014.19,3.3572023630136973,1.5462322885754358,7.426539999999999,0.0,3.1828,0,0,1,0,0,0,0,1,0,0,0,0,0,0,0,0,0,0,0,0,0,0,0,0,0,0,0,0,0,0,0,0,0,0,0,1,0,0,0,0,0,0,0,0,0,0
28888,66,0,24,68.752,0,15.198,0,29.299,0,24.255,0,109.6,1548.473,59356.0,15.198,29.299,24.255,0,Mexico city,2017-2018,66DANIEL ABTRaceMexico city2017-2018,47,23,RaceMexico city2017-2018,23.523021575342504,0.19406781057124367,23.8889,23.2778,23.4444,27.762573287671145,0.19480920626124515,28.3333,27.2222,27.7778,70.5,1.2668113500294824,72.0,68.0,71.0,1014.1894863013694,0.06395936599895137,1014.43,1014.12,1014.19,3.3572023630136973,1.5462322885754358,7.426539999999999,0.0,3.1828,0,0,1,0,0,0,0,1,0,0,0,0,0,0,0,0,0,0,0,0,0,0,0,0,0,0,0,0,0,0,0,0,0,0,0,1,0,0,0,0,0,0,0,0,0,0
28889,66,0,25,94.912,0,46.053999999999995,0,29.109,0,19.749000000000002,0,79.4,1643.385,59476.0,46.054,29.109,19.749,40.871,Mexico city,2017-2018,66DANIEL ABTRaceMexico city2017-2018,47,22,RaceMexico city2017-2018,23.523021575342504,0.19406781057124367,23.8889,23.2778,23.4444,27.762573287671145,0.19480920626124515,28.3333,27.2222,27.7778,70.5,1.2668113500294824,72.0,68.0,71.0,1014.1894863013694,0.06395936599895137,1014.43,1014.12,1014.19,3.3572023630136973,1.5462322885754358,7.426539999999999,0.0,3.1828,0,0,1,0,0,0,0,1,0,0,0,0,0,0,0,0,0,0,0,0,0,0,0,0,0,0,0,0,0,0,0,0,0,0,0,1,0,0,0,0,0,0,0,0,0,0
28890,66,0,26,64.03399999999999,0,15.286,0,28.907,0,19.840999999999998,0,117.7,1707.419,59536.0,15.286,28.907,19.841,0,Mexico city,2017-2018,66DANIEL ABTRaceMexico city2017-2018,47,21,RaceMexico city2017-2018,23.523021575342504,0.19406781057124367,23.8889,23.2778,23.4444,27.762573287671145,0.19480920626124515,28.3333,27.2222,27.7778,70.5,1.2668113500294824,72.0,68.0,71.0,1014.1894863013694,0.06395936599895137,1014.43,1014.12,1014.19,3.3572023630136973,1.5462322885754358,7.426539999999999,0.0,3.1828,0,0,1,0,0,0,0,1,0,0,0,0,0,0,0,0,0,0,0,0,0,0,0,0,0,0,0,0,0,0,0,0,0,0,0,1,0,0,0,0,0,0,0,0,0,0
28891,66,0,27,63.967,0,15.335999999999999,0,28.936,0,19.695,0,117.8,1771.386,59596.0,15.336,28.936,19.695,0,Mexico city,2017-2018,66DANIEL ABTRaceMexico city2017-2018,47,20,RaceMexico city2017-2018,23.523021575342504,0.19406781057124367,23.8889,23.2778,23.4444,27.762573287671145,0.19480920626124515,28.3333,27.2222,27.7778,70.5,1.2668113500294824,72.0,68.0,71.0,1014.1894863013694,0.06395936599895137,1014.43,1014.12,1014.19,3.3572023630136973,1.5462322885754358,7.426539999999999,0.0,3.1828,0,0,1,0,0,0,0,1,0,0,0,0,0,0,0,0,0,0,0,0,0,0,0,0,0,0,0,0,0,0,0,0,0,0,0,1,0,0,0,0,0,0,0,0,0,0
28892,66,0,28,63.735,0,15.245,0,28.788,0,19.702,0,118.2,1835.121,59656.0,15.245,28.788,19.702,0,Mexico city,2017-2018,66DANIEL ABTRaceMexico city2017-2018,47,19,RaceMexico city2017-2018,23.523021575342504,0.19406781057124367,23.8889,23.2778,23.4444,27.762573287671145,0.19480920626124515,28.3333,27.2222,27.7778,70.5,1.2668113500294824,72.0,68.0,71.0,1014.1894863013694,0.06395936599895137,1014.43,1014.12,1014.19,3.3572023630136973,1.5462322885754358,7.426539999999999,0.0,3.1828,0,0,1,0,0,0,0,1,0,0,0,0,0,0,0,0,0,0,0,0,0,0,0,0,0,0,0,0,0,0,0,0,0,0,0,1,0,0,0,0,0,0,0,0,0,0
28893,66,0,29,63.503,0,15.026,0,28.888,0,19.589000000000002,0,118.7,1898.624,59716.0,15.026,28.888,19.589,0,Mexico city,2017-2018,66DANIEL ABTRaceMexico city2017-2018,47,18,RaceMexico city2017-2018,23.523021575342504,0.19406781057124367,23.8889,23.2778,23.4444,27.762573287671145,0.19480920626124515,28.3333,27.2222,27.7778,70.5,1.2668113500294824,72.0,68.0,71.0,1014.1894863013694,0.06395936599895137,1014.43,1014.12,1014.19,3.3572023630136973,1.5462322885754358,7.426539999999999,0.0,3.1828,0,0,1,0,0,0,0,1,0,0,0,0,0,0,0,0,0,0,0,0,0,0,0,0,0,0,0,0,0,0,0,0,0,0,0,1,0,0,0,0,0,0,0,0,0,0
28894,66,0,30,63.308,0,14.967,2,28.747,0,19.594,0,119.0,1961.932,59776.0,14.967,28.747,19.594,0,Mexico city,2017-2018,66DANIEL ABTRaceMexico city2017-2018,47,17,RaceMexico city2017-2018,23.523021575342504,0.19406781057124367,23.8889,23.2778,23.4444,27.762573287671145,0.19480920626124515,28.3333,27.2222,27.7778,70.5,1.2668113500294824,72.0,68.0,71.0,1014.1894863013694,0.06395936599895137,1014.43,1014.12,1014.19,3.3572023630136973,1.5462322885754358,7.426539999999999,0.0,3.1828,0,0,1,0,0,0,0,1,0,0,0,0,0,0,0,0,0,0,0,0,0,0,0,0,0,0,0,0,0,0,0,0,0,0,0,1,0,0,0,0,0,0,0,0,0,0
28895,66,0,31,63.153999999999996,2,14.970999999999998,0,28.657,2,19.526,0,119.3,2025.086,59836.0,14.971,28.657,19.526,0,Mexico city,2017-2018,66DANIEL ABTRaceMexico city2017-2018,47,16,RaceMexico city2017-2018,23.523021575342504,0.19406781057124367,23.8889,23.2778,23.4444,27.762573287671145,0.19480920626124515,28.3333,27.2222,27.7778,70.5,1.2668113500294824,72.0,68.0,71.0,1014.1894863013694,0.06395936599895137,1014.43,1014.12,1014.19,3.3572023630136973,1.5462322885754358,7.426539999999999,0.0,3.1828,0,0,1,0,0,0,0,1,0,0,0,0,0,0,0,0,0,0,0,0,0,0,0,0,0,0,0,0,0,0,0,0,0,0,0,1,0,0,0,0,0,0,0,0,0,0
28896,66,0,32,63.568000000000005,0,15.210999999999999,0,28.839,0,19.518,0,118.5,2088.654,59896.0,15.211,28.839,19.518,0,Mexico city,2017-2018,66DANIEL ABTRaceMexico city2017-2018,47,15,RaceMexico city2017-2018,23.523021575342504,0.19406781057124367,23.8889,23.2778,23.4444,27.762573287671145,0.19480920626124515,28.3333,27.2222,27.7778,70.5,1.2668113500294824,72.0,68.0,71.0,1014.1894863013694,0.06395936599895137,1014.43,1014.12,1014.19,3.3572023630136973,1.5462322885754358,7.426539999999999,0.0,3.1828,0,0,1,0,0,0,0,1,0,0,0,0,0,0,0,0,0,0,0,0,0,0,0,0,0,0,0,0,0,0,0,0,0,0,0,1,0,0,0,0,0,0,0,0,0,0
28897,66,0,33,63.25899999999999,0,15.117,0,28.746,0,19.396,2,119.1,2151.913,59956.0,15.117,28.746,19.396,0,Mexico city,2017-2018,66DANIEL ABTRaceMexico city2017-2018,47,14,RaceMexico city2017-2018,23.523021575342504,0.19406781057124367,23.8889,23.2778,23.4444,27.762573287671145,0.19480920626124515,28.3333,27.2222,27.7778,70.5,1.2668113500294824,72.0,68.0,71.0,1014.1894863013694,0.06395936599895137,1014.43,1014.12,1014.19,3.3572023630136973,1.5462322885754358,7.426539999999999,0.0,3.1828,0,0,1,0,0,0,0,1,0,0,0,0,0,0,0,0,0,0,0,0,0,0,0,0,0,0,0,0,0,0,0,0,0,0,0,1,0,0,0,0,0,0,0,0,0,0
28898,66,0,34,63.222,0,15.050999999999998,0,28.732,0,19.439,0,119.2,2215.135,60016.0,15.051,28.732,19.439,0,Mexico city,2017-2018,66DANIEL ABTRaceMexico city2017-2018,47,13,RaceMexico city2017-2018,23.523021575342504,0.19406781057124367,23.8889,23.2778,23.4444,27.762573287671145,0.19480920626124515,28.3333,27.2222,27.7778,70.5,1.2668113500294824,72.0,68.0,71.0,1014.1894863013694,0.06395936599895137,1014.43,1014.12,1014.19,3.3572023630136973,1.5462322885754358,7.426539999999999,0.0,3.1828,0,0,1,0,0,0,0,1,0,0,0,0,0,0,0,0,0,0,0,0,0,0,0,0,0,0,0,0,0,0,0,0,0,0,0,1,0,0,0,0,0,0,0,0,0,0
28899,66,0,35,63.581,0,15.154000000000002,0,28.919,0,19.508,0,118.5,2278.716,60076.0,15.154,28.919,19.508,0,Mexico city,2017-2018,66DANIEL ABTRaceMexico city2017-2018,47,12,RaceMexico city2017-2018,23.523021575342504,0.19406781057124367,23.8889,23.2778,23.4444,27.762573287671145,0.19480920626124515,28.3333,27.2222,27.7778,70.5,1.2668113500294824,72.0,68.0,71.0,1014.1894863013694,0.06395936599895137,1014.43,1014.12,1014.19,3.3572023630136973,1.5462322885754358,7.426539999999999,0.0,3.1828,0,0,1,0,0,0,0,1,0,0,0,0,0,0,0,0,0,0,0,0,0,0,0,0,0,0,0,0,0,0,0,0,0,0,0,1,0,0,0,0,0,0,0,0,0,0
28900,66,0,36,63.62,0,15.075,0,28.936,0,19.609,0,118.4,2342.336,60136.0,15.075,28.936,19.609,0,Mexico city,2017-2018,66DANIEL ABTRaceMexico city2017-2018,47,11,RaceMexico city2017-2018,23.523021575342504,0.19406781057124367,23.8889,23.2778,23.4444,27.762573287671145,0.19480920626124515,28.3333,27.2222,27.7778,70.5,1.2668113500294824,72.0,68.0,71.0,1014.1894863013694,0.06395936599895137,1014.43,1014.12,1014.19,3.3572023630136973,1.5462322885754358,7.426539999999999,0.0,3.1828,0,0,1,0,0,0,0,1,0,0,0,0,0,0,0,0,0,0,0,0,0,0,0,0,0,0,0,0,0,0,0,0,0,0,0,1,0,0,0,0,0,0,0,0,0,0
28901,66,0,37,63.635,0,15.114,0,28.939,0,19.582,0,118.4,2405.971,60196.0,15.114,28.939,19.582,0,Mexico city,2017-2018,66DANIEL ABTRaceMexico city2017-2018,47,10,RaceMexico city2017-2018,23.523021575342504,0.19406781057124367,23.8889,23.2778,23.4444,27.762573287671145,0.19480920626124515,28.3333,27.2222,27.7778,70.5,1.2668113500294824,72.0,68.0,71.0,1014.1894863013694,0.06395936599895137,1014.43,1014.12,1014.19,3.3572023630136973,1.5462322885754358,7.426539999999999,0.0,3.1828,0,0,1,0,0,0,0,1,0,0,0,0,0,0,0,0,0,0,0,0,0,0,0,0,0,0,0,0,0,0,0,0,0,0,0,1,0,0,0,0,0,0,0,0,0,0
28902,66,0,38,63.522,0,15.046,0,28.908,0,19.567999999999998,0,118.6,2469.493,60256.0,15.046,28.908,19.568,0,Mexico city,2017-2018,66DANIEL ABTRaceMexico city2017-2018,47,9,RaceMexico city2017-2018,23.523021575342504,0.19406781057124367,23.8889,23.2778,23.4444,27.762573287671145,0.19480920626124515,28.3333,27.2222,27.7778,70.5,1.2668113500294824,72.0,68.0,71.0,1014.1894863013694,0.06395936599895137,1014.43,1014.12,1014.19,3.3572023630136973,1.5462322885754358,7.426539999999999,0.0,3.1828,0,0,1,0,0,0,0,1,0,0,0,0,0,0,0,0,0,0,0,0,0,0,0,0,0,0,0,0,0,0,0,0,0,0,0,1,0,0,0,0,0,0,0,0,0,0
28903,66,0,39,63.57899999999999,0,15.091,0,28.958,0,19.53,0,118.5,2533.072,60316.0,15.091,28.958,19.53,0,Mexico city,2017-2018,66DANIEL ABTRaceMexico city2017-2018,47,8,RaceMexico city2017-2018,23.523021575342504,0.19406781057124367,23.8889,23.2778,23.4444,27.762573287671145,0.19480920626124515,28.3333,27.2222,27.7778,70.5,1.2668113500294824,72.0,68.0,71.0,1014.1894863013694,0.06395936599895137,1014.43,1014.12,1014.19,3.3572023630136973,1.5462322885754358,7.426539999999999,0.0,3.1828,0,0,1,0,0,0,0,1,0,0,0,0,0,0,0,0,0,0,0,0,0,0,0,0,0,0,0,0,0,0,0,0,0,0,0,1,0,0,0,0,0,0,0,0,0,0
28904,66,0,40,63.61600000000001,0,15.138,0,28.913,0,19.565,0,118.4,2596.688,60436.0,15.138,28.913,19.565,0,Mexico city,2017-2018,66DANIEL ABTRaceMexico city2017-2018,47,7,RaceMexico city2017-2018,23.523021575342504,0.19406781057124367,23.8889,23.2778,23.4444,27.762573287671145,0.19480920626124515,28.3333,27.2222,27.7778,70.5,1.2668113500294824,72.0,68.0,71.0,1014.1894863013694,0.06395936599895137,1014.43,1014.12,1014.19,3.3572023630136973,1.5462322885754358,7.426539999999999,0.0,3.1828,0,0,1,0,0,0,0,1,0,0,0,0,0,0,0,0,0,0,0,0,0,0,0,0,0,0,0,0,0,0,0,0,0,0,0,1,0,0,0,0,0,0,0,0,0,0
28905,66,0,41,64.275,0,15.151,0,29.338,0,19.785999999999998,0,117.2,2660.963,60496.0,15.151,29.338,19.786,0,Mexico city,2017-2018,66DANIEL ABTRaceMexico city2017-2018,47,6,RaceMexico city2017-2018,23.523021575342504,0.19406781057124367,23.8889,23.2778,23.4444,27.762573287671145,0.19480920626124515,28.3333,27.2222,27.7778,70.5,1.2668113500294824,72.0,68.0,71.0,1014.1894863013694,0.06395936599895137,1014.43,1014.12,1014.19,3.3572023630136973,1.5462322885754358,7.426539999999999,0.0,3.1828,0,0,1,0,0,0,0,1,0,0,0,0,0,0,0,0,0,0,0,0,0,0,0,0,0,0,0,0,0,0,0,0,0,0,0,1,0,0,0,0,0,0,0,0,0,0
28906,66,0,42,63.733000000000004,0,15.116,0,29.094,0,19.523,0,118.2,2724.696,60556.0,15.116,29.094,19.523,0,Mexico city,2017-2018,66DANIEL ABTRaceMexico city2017-2018,47,5,RaceMexico city2017-2018,23.523021575342504,0.19406781057124367,23.8889,23.2778,23.4444,27.762573287671145,0.19480920626124515,28.3333,27.2222,27.7778,70.5,1.2668113500294824,72.0,68.0,71.0,1014.1894863013694,0.06395936599895137,1014.43,1014.12,1014.19,3.3572023630136973,1.5462322885754358,7.426539999999999,0.0,3.1828,0,0,1,0,0,0,0,1,0,0,0,0,0,0,0,0,0,0,0,0,0,0,0,0,0,0,0,0,0,0,0,0,0,0,0,1,0,0,0,0,0,0,0,0,0,0
28907,66,0,43,63.582,0,15.064,0,28.918,0,19.6,0,118.5,2788.278,60616.0,15.064,28.918,19.6,0,Mexico city,2017-2018,66DANIEL ABTRaceMexico city2017-2018,47,4,RaceMexico city2017-2018,23.523021575342504,0.19406781057124367,23.8889,23.2778,23.4444,27.762573287671145,0.19480920626124515,28.3333,27.2222,27.7778,70.5,1.2668113500294824,72.0,68.0,71.0,1014.1894863013694,0.06395936599895137,1014.43,1014.12,1014.19,3.3572023630136973,1.5462322885754358,7.426539999999999,0.0,3.1828,0,0,1,0,0,0,0,1,0,0,0,0,0,0,0,0,0,0,0,0,0,0,0,0,0,0,0,0,0,0,0,0,0,0,0,1,0,0,0,0,0,0,0,0,0,0
28908,66,0,44,63.981,0,15.171,0,29.133,0,19.677,0,117.8,2852.259,60676.0,15.171,29.133,19.677,0,Mexico city,2017-2018,66DANIEL ABTRaceMexico city2017-2018,47,3,RaceMexico city2017-2018,23.523021575342504,0.19406781057124367,23.8889,23.2778,23.4444,27.762573287671145,0.19480920626124515,28.3333,27.2222,27.7778,70.5,1.2668113500294824,72.0,68.0,71.0,1014.1894863013694,0.06395936599895137,1014.43,1014.12,1014.19,3.3572023630136973,1.5462322885754358,7.426539999999999,0.0,3.1828,0,0,1,0,0,0,0,1,0,0,0,0,0,0,0,0,0,0,0,0,0,0,0,0,0,0,0,0,0,0,0,0,0,0,0,1,0,0,0,0,0,0,0,0,0,0
28909,66,0,45,63.885,0,15.1,0,29.066,0,19.719,0,117.9,2916.144,60736.0,15.1,29.066,19.719,0,Mexico city,2017-2018,66DANIEL ABTRaceMexico city2017-2018,47,2,RaceMexico city2017-2018,23.523021575342504,0.19406781057124367,23.8889,23.2778,23.4444,27.762573287671145,0.19480920626124515,28.3333,27.2222,27.7778,70.5,1.2668113500294824,72.0,68.0,71.0,1014.1894863013694,0.06395936599895137,1014.43,1014.12,1014.19,3.3572023630136973,1.5462322885754358,7.426539999999999,0.0,3.1828,0,0,1,0,0,0,0,1,0,0,0,0,0,0,0,0,0,0,0,0,0,0,0,0,0,0,0,0,0,0,0,0,0,0,0,1,0,0,0,0,0,0,0,0,0,0
28910,66,0,46,63.978,0,15.078,0,29.19,0,19.71,0,117.8,2980.122,60796.0,15.078,29.19,19.71,0,Mexico city,2017-2018,66DANIEL ABTRaceMexico city2017-2018,47,1,RaceMexico city2017-2018,23.523021575342504,0.19406781057124367,23.8889,23.2778,23.4444,27.762573287671145,0.19480920626124515,28.3333,27.2222,27.7778,70.5,1.2668113500294824,72.0,68.0,71.0,1014.1894863013694,0.06395936599895137,1014.43,1014.12,1014.19,3.3572023630136973,1.5462322885754358,7.426539999999999,0.0,3.1828,0,0,1,0,0,0,0,1,0,0,0,0,0,0,0,0,0,0,0,0,0,0,0,0,0,0,0,0,0,0,0,0,0,0,0,1,0,0,0,0,0,0,0,0,0,0
28911,66,0,47,65.042,0,15.248,0,29.396,0,20.398,0,115.8,3045.164,60856.0,15.248,29.396,20.398,0,Mexico city,2017-2018,66DANIEL ABTRaceMexico city2017-2018,47,0,RaceMexico city2017-2018,23.523021575342504,0.19406781057124367,23.8889,23.2778,23.4444,27.762573287671145,0.19480920626124515,28.3333,27.2222,27.7778,70.5,1.2668113500294824,72.0,68.0,71.0,1014.1894863013694,0.06395936599895137,1014.43,1014.12,1014.19,3.3572023630136973,1.5462322885754358,7.426539999999999,0.0,3.1828,0,0,1,0,0,0,0,1,0,0,0,0,0,0,0,0,0,0,0,0,0,0,0,0,0,0,0,0,0,0,0,0,0,0,0,1,0,0,0,0,0,0,0,0,0,0
